[{"title":"os-sqe","desc":"OpenStack QA tools","githubUrl":"https://github.com/CiscoSystems/os-sqe","forks":4,"stars":1,"org":"CiscoSystems","orgUrl":"https://github.com/CiscoSystems"},{"title":"project-config-third-party","desc":"CI project config","githubUrl":"https://github.com/CiscoSystems/project-config-third-party","forks":3,"stars":2,"org":"CiscoSystems","orgUrl":"https://github.com/CiscoSystems"},{"title":"beatrak","desc":"Beacon Tracker Istio demo application","githubUrl":"https://github.com/CiscoSystems/beatrak","forks":1,"stars":12,"org":"CiscoSystems","orgUrl":"https://github.com/CiscoSystems"},{"title":"kube-v6-test","desc":"Suite of Kubernetes e2e tests for IPv6 Continuous Integration, or for testing IPv6 networking conformance on an IPv6-only Kubernetes cluster","githubUrl":"https://github.com/CiscoSystems/kube-v6-test","forks":0,"stars":0,"org":"CiscoSystems","orgUrl":"https://github.com/CiscoSystems"},{"title":"vault-rpm","desc":"Spec file and sources needed to package vault","githubUrl":"https://github.com/CiscoCloud/vault-rpm","forks":9,"stars":5,"org":"CiscoCloud","orgUrl":"https://github.com/CiscoCloud"},{"title":"mantl-devnet-learninglabs","desc":"Self paced interactive Learning Labs for learninglabs.cisco.com","githubUrl":"https://github.com/CiscoCloud/mantl-devnet-learninglabs","forks":13,"stars":6,"org":"CiscoCloud","orgUrl":"https://github.com/CiscoCloud"},{"title":"vaquero","desc":"Template-Driven Bare Metal Provisioning","githubUrl":"https://github.com/CiscoCloud/vaquero","forks":3,"stars":3,"org":"CiscoCloud","orgUrl":"https://github.com/CiscoCloud"},{"title":"SMaKS","desc":"State Machine as Kubernetes Service","githubUrl":"https://github.com/CiscoCloud/SMaKS","forks":0,"stars":1,"org":"CiscoCloud","orgUrl":"https://github.com/CiscoCloud"},{"title":"vaquero-dev","desc":"Private repo for in-process work","githubUrl":"https://github.com/CiscoCloud/vaquero-dev","forks":6,"stars":0,"org":"CiscoCloud","orgUrl":"https://github.com/CiscoCloud"},{"title":"libsrtp","desc":"Library for SRTP (Secure Realtime Transport Protocol) ","githubUrl":"https://github.com/cisco/libsrtp","forks":206,"stars":400,"org":"cisco","orgUrl":"https://github.com/cisco"},{"title":"openh264","desc":"Open Source H.264 Codec ","githubUrl":"https://github.com/cisco/openh264","forks":1077,"stars":2970,"org":"cisco","orgUrl":"https://github.com/cisco"},{"title":"thor","desc":"Thor Video Codec","githubUrl":"https://github.com/cisco/thor","forks":89,"stars":648,"org":"cisco","orgUrl":"https://github.com/cisco"},{"title":"syncodecs","desc":"Synthetic codecs for evaluation of RMCAT work ","githubUrl":"https://github.com/cisco/syncodecs","forks":2,"stars":2,"org":"cisco","orgUrl":"https://github.com/cisco"},{"title":"joy","desc":"A package for capturing and analyzing network flow data and intraflow data, for network research, forensics, and security monitoring.","githubUrl":"https://github.com/cisco/joy","forks":154,"stars":576,"org":"cisco","orgUrl":"https://github.com/cisco"},{"title":"usnic_tools","desc":"usNIC tools","githubUrl":"https://github.com/cisco/usnic_tools","forks":4,"stars":1,"org":"cisco","orgUrl":"https://github.com/cisco"},{"title":"cjose","desc":"C library implementing the Javascript Object Signing and Encryption (JOSE)","githubUrl":"https://github.com/cisco/cjose","forks":25,"stars":22,"org":"cisco","orgUrl":"https://github.com/cisco"},{"title":"ChezScheme","desc":"Chez Scheme ","githubUrl":"https://github.com/cisco/ChezScheme","forks":663,"stars":3979,"org":"cisco","orgUrl":"https://github.com/cisco"},{"title":"libacvp","desc":"The libacvp library is a client-side implementation of the draft ACVP protocol (github.com/usnistgov/ACVP).","githubUrl":"https://github.com/cisco/libacvp","forks":12,"stars":14,"org":"cisco","orgUrl":"https://github.com/cisco"},{"title":"elsy","desc":"An opinionated, multi-language, build tool based on Docker and Docker Compose","githubUrl":"https://github.com/cisco/elsy","forks":8,"stars":36,"org":"cisco","orgUrl":"https://github.com/cisco"},{"title":"open-nFAPI","desc":"An open source implementation of the Small Cell Forum's Network Functional API (nFAPI)","githubUrl":"https://github.com/cisco/open-nFAPI","forks":10,"stars":9,"org":"cisco","orgUrl":"https://github.com/cisco"},{"title":"hash-sigs","desc":"A full-featured implementation of of the LMS and HSS Hash Based Signature Schemes from draft-mcgrew-hash-sigs-07.","githubUrl":"https://github.com/cisco/hash-sigs","forks":5,"stars":4,"org":"cisco","orgUrl":"https://github.com/cisco"},{"title":"ns3-rmcat","desc":"Simulator of IETF RMCAT congestion control protocols ","githubUrl":"https://github.com/cisco/ns3-rmcat","forks":4,"stars":10,"org":"cisco","orgUrl":"https://github.com/cisco"},{"title":"mlspp","desc":"Implementation of Messaging Layer Security","githubUrl":"https://github.com/cisco/mlspp","forks":1,"stars":1,"org":"cisco","orgUrl":"https://github.com/cisco"},{"title":"MenuBundle","desc":"Symfony 2 bundle for dynamic menus","githubUrl":"https://github.com/CiscoVE/MenuBundle","forks":0,"stars":1,"org":"CiscoVE","orgUrl":"https://github.com/CiscoVE"},{"title":"DirectoryBundle","desc":"Cisco Global VE directory bundle","githubUrl":"https://github.com/CiscoVE/DirectoryBundle","forks":0,"stars":1,"org":"CiscoVE","orgUrl":"https://github.com/CiscoVE"},{"title":"SparkBundle","desc":"Cisco Spark API Symfony2 Vendor Bundle","githubUrl":"https://github.com/CiscoVE/SparkBundle","forks":0,"stars":2,"org":"CiscoVE","orgUrl":"https://github.com/CiscoVE"},{"title":"VerintBundle","desc":"Verint EFM (Enterprise Feedback Management) Bundle","githubUrl":"https://github.com/CiscoVE/VerintBundle","forks":1,"stars":0,"org":"CiscoVE","orgUrl":"https://github.com/CiscoVE"},{"title":"coding-skills-sample-code","desc":"Sample code for the Cisco DevNet Coding Skills Learning Labs","githubUrl":"https://github.com/CiscoDevNet/coding-skills-sample-code","forks":77,"stars":67,"org":"CiscoDevNet","orgUrl":"https://github.com/CiscoDevNet"},{"title":"learning-labs","desc":"Learning Labs built on a MEAN stack","githubUrl":"https://github.com/CiscoDevNet/learning-labs","forks":3,"stars":0,"org":"CiscoDevNet","orgUrl":"https://github.com/CiscoDevNet"},{"title":"opendaylight-sample-apps","desc":"Sample applications for use with OpenDaylight (https://www.opendaylight.org/)","githubUrl":"https://github.com/CiscoDevNet/opendaylight-sample-apps","forks":25,"stars":20,"org":"CiscoDevNet","orgUrl":"https://github.com/CiscoDevNet"},{"title":"apicem-ga-ll-sample-code","desc":"This sample code is paired with the Cisco DevNet Learning Labs APIC-EM APIs 1.1 GA release with Python.","githubUrl":"https://github.com/CiscoDevNet/apicem-ga-ll-sample-code","forks":2,"stars":4,"org":"CiscoDevNet","orgUrl":"https://github.com/CiscoDevNet"},{"title":"collab-sparkwebhook","desc":"Spark Webhook Learning Lab","githubUrl":"https://github.com/CiscoDevNet/collab-sparkwebhook","forks":1,"stars":0,"org":"CiscoDevNet","orgUrl":"https://github.com/CiscoDevNet"},{"title":"cosc-rest-api-python","desc":"Python sample codes for COSC 1.2.1 learning lab","githubUrl":"https://github.com/CiscoDevNet/cosc-rest-api-python","forks":3,"stars":0,"org":"CiscoDevNet","orgUrl":"https://github.com/CiscoDevNet"},{"title":"collab-jabber","desc":"Learning Labs content for Jabber Web SDK","githubUrl":"https://github.com/CiscoDevNet/collab-jabber","forks":0,"stars":0,"org":"CiscoDevNet","orgUrl":"https://github.com/CiscoDevNet"},{"title":"restconf-examples","desc":"RESTconf examples for learning labs and sample code","githubUrl":"https://github.com/CiscoDevNet/restconf-examples","forks":6,"stars":15,"org":"CiscoDevNet","orgUrl":"https://github.com/CiscoDevNet"},{"title":"collab-uds","desc":"Learning Lab content for User Data Services lab","githubUrl":"https://github.com/CiscoDevNet/collab-uds","forks":0,"stars":0,"org":"CiscoDevNet","orgUrl":"https://github.com/CiscoDevNet"},{"title":"aci-learning-labs","desc":"DevNet Learning Labs covering Cisco ACI","githubUrl":"https://github.com/CiscoDevNet/aci-learning-labs","forks":0,"stars":0,"org":"CiscoDevNet","orgUrl":"https://github.com/CiscoDevNet"},{"title":"finesse-learning-labs","desc":"DevNet Learning Labs on Finesse","githubUrl":"https://github.com/CiscoDevNet/finesse-learning-labs","forks":3,"stars":2,"org":"CiscoDevNet","orgUrl":"https://github.com/CiscoDevNet"},{"title":"ydk-py","desc":"Python SDK generated from YANG data models.","githubUrl":"https://github.com/CiscoDevNet/ydk-py","forks":30,"stars":84,"org":"CiscoDevNet","orgUrl":"https://github.com/CiscoDevNet"},{"title":"netconf-examples","desc":"NETCONF examples for learning labs","githubUrl":"https://github.com/CiscoDevNet/netconf-examples","forks":9,"stars":21,"org":"CiscoDevNet","orgUrl":"https://github.com/CiscoDevNet"},{"title":"collab-jg","desc":"Learning Lab content for the Cisco collaboration Jabber Guest Web API","githubUrl":"https://github.com/CiscoDevNet/collab-jg","forks":0,"stars":0,"org":"CiscoDevNet","orgUrl":"https://github.com/CiscoDevNet"},{"title":"collab-webex-meetings","desc":"Learning Lab content for the Cisco collaboration WebEx API","githubUrl":"https://github.com/CiscoDevNet/collab-webex-meetings","forks":1,"stars":1,"org":"CiscoDevNet","orgUrl":"https://github.com/CiscoDevNet"},{"title":"opendaylight-setup","desc":"scripts to setup OpenDaylight","githubUrl":"https://github.com/CiscoDevNet/opendaylight-setup","forks":6,"stars":13,"org":"CiscoDevNet","orgUrl":"https://github.com/CiscoDevNet"},{"title":"ydk-gen","desc":"Generate model-driven APIs from YANG models","githubUrl":"https://github.com/CiscoDevNet/ydk-gen","forks":35,"stars":61,"org":"CiscoDevNet","orgUrl":"https://github.com/CiscoDevNet"},{"title":"meraki-learning-labs","desc":"Meraki DevNet Learning Labs ","githubUrl":"https://github.com/CiscoDevNet/meraki-learning-labs","forks":1,"stars":0,"org":"CiscoDevNet","orgUrl":"https://github.com/CiscoDevNet"},{"title":"generator-devnet-learninglabs","desc":"A yeoman generator for Cisco DevNet Learning Labs https://learninglabs.cisco.com","githubUrl":"https://github.com/CiscoDevNet/generator-devnet-learninglabs","forks":0,"stars":0,"org":"CiscoDevNet","orgUrl":"https://github.com/CiscoDevNet"},{"title":"sandbox-instructions","desc":"Instructions for the sandbox team","githubUrl":"https://github.com/CiscoDevNet/sandbox-instructions","forks":0,"stars":0,"org":"CiscoDevNet","orgUrl":"https://github.com/CiscoDevNet"},{"title":"iox-app-template","desc":"Application templates for IOx","githubUrl":"https://github.com/CiscoDevNet/iox-app-template","forks":2,"stars":4,"org":"CiscoDevNet","orgUrl":"https://github.com/CiscoDevNet"},{"title":"ciscodevnet.github.io","desc":"Source for https://ciscodevnet.github.io","githubUrl":"https://github.com/CiscoDevNet/ciscodevnet.github.io","forks":2,"stars":3,"org":"CiscoDevNet","orgUrl":"https://github.com/CiscoDevNet"},{"title":"apicem-ga-1.2-ll-sample-code-basic-labs","desc":"These sample codes are paired with the Cisco DevNet Learning Labs APIC-EM APIs GA1.2 release with Python3.","githubUrl":"https://github.com/CiscoDevNet/apicem-ga-1.2-ll-sample-code-basic-labs","forks":0,"stars":0,"org":"CiscoDevNet","orgUrl":"https://github.com/CiscoDevNet"},{"title":"apicem-ga-1.2-ll-sample-code-policy-labs","desc":"These sample codes are paired with the Cisco DevNet Learning Labs APIC-EM APIs GA1.2 release with Python3.","githubUrl":"https://github.com/CiscoDevNet/apicem-ga-1.2-ll-sample-code-policy-labs","forks":0,"stars":0,"org":"CiscoDevNet","orgUrl":"https://github.com/CiscoDevNet"},{"title":"ucs-manager-powertool-learning-labs","desc":"Learning Labs for UCS Manager PowerTool","githubUrl":"https://github.com/CiscoDevNet/ucs-manager-powertool-learning-labs","forks":2,"stars":1,"org":"CiscoDevNet","orgUrl":"https://github.com/CiscoDevNet"},{"title":"ciscodevnet-mantl-demo","desc":"Docker source for Mantl Learning Lab","githubUrl":"https://github.com/CiscoDevNet/ciscodevnet-mantl-demo","forks":0,"stars":0,"org":"CiscoDevNet","orgUrl":"https://github.com/CiscoDevNet"},{"title":"vsom-learning-labs","desc":"Video Surveillance Operations Manager Learning Labs source","githubUrl":"https://github.com/CiscoDevNet/vsom-learning-labs","forks":1,"stars":0,"org":"CiscoDevNet","orgUrl":"https://github.com/CiscoDevNet"},{"title":"networking-series-learning-labs","desc":"Learning Labs source for the Networking 1xx series","githubUrl":"https://github.com/CiscoDevNet/networking-series-learning-labs","forks":2,"stars":4,"org":"CiscoDevNet","orgUrl":"https://github.com/CiscoDevNet"},{"title":"coding-series-learning-labs","desc":"Source for the Cisco DevNet Coding series learning labs","githubUrl":"https://github.com/CiscoDevNet/coding-series-learning-labs","forks":8,"stars":5,"org":"CiscoDevNet","orgUrl":"https://github.com/CiscoDevNet"},{"title":"apic-em-learning-labs","desc":"Learning Labs source for APIC-EM","githubUrl":"https://github.com/CiscoDevNet/apic-em-learning-labs","forks":6,"stars":5,"org":"CiscoDevNet","orgUrl":"https://github.com/CiscoDevNet"},{"title":"clus-train-learning-labs","desc":"DevNet Train Learning Labs ","githubUrl":"https://github.com/CiscoDevNet/clus-train-learning-labs","forks":0,"stars":0,"org":"CiscoDevNet","orgUrl":"https://github.com/CiscoDevNet"},{"title":"data-dev-learning-labs","desc":"Source for the Cisco DevNet Data Developer learning labs","githubUrl":"https://github.com/CiscoDevNet/data-dev-learning-labs","forks":16,"stars":8,"org":"CiscoDevNet","orgUrl":"https://github.com/CiscoDevNet"},{"title":"ydk-learning-labs","desc":"YDK learning labs from Santiago","githubUrl":"https://github.com/CiscoDevNet/ydk-learning-labs","forks":1,"stars":0,"org":"CiscoDevNet","orgUrl":"https://github.com/CiscoDevNet"},{"title":"ciscosparkapi","desc":"Simple, lightweight, scalable Python API wrapper for the Cisco Spark APIs","githubUrl":"https://github.com/CiscoDevNet/ciscosparkapi","forks":37,"stars":65,"org":"CiscoDevNet","orgUrl":"https://github.com/CiscoDevNet"},{"title":"ciscosparksdk","desc":"Community-Developed 🐍SDK for Cisco Spark","githubUrl":"https://github.com/CiscoDevNet/ciscosparksdk","forks":0,"stars":5,"org":"CiscoDevNet","orgUrl":"https://github.com/CiscoDevNet"},{"title":"iotsp-device-sdk-java","desc":"Cisco IOT device SDK in Java","githubUrl":"https://github.com/CiscoDevNet/iotsp-device-sdk-java","forks":6,"stars":9,"org":"CiscoDevNet","orgUrl":"https://github.com/CiscoDevNet"},{"title":"devnet-express","desc":"Consider Replacing CMX Mission w/ Exercises #77","githubUrl":"https://github.com/CiscoDevNet/devnet-express","forks":4,"stars":1,"org":"CiscoDevNet","orgUrl":"https://github.com/CiscoDevNet"},{"title":"devnet-express-code-samples","desc":"This repository holds code samples for DevNet Express DNA Track","githubUrl":"https://github.com/CiscoDevNet/devnet-express-code-samples","forks":87,"stars":27,"org":"CiscoDevNet","orgUrl":"https://github.com/CiscoDevNet"},{"title":"metacloud-learning-labs","desc":"Metacloud DevNet Learning Labs ","githubUrl":"https://github.com/CiscoDevNet/metacloud-learning-labs","forks":0,"stars":0,"org":"CiscoDevNet","orgUrl":"https://github.com/CiscoDevNet"},{"title":"awesome-webex","desc":"A curated list of Webex resources for developers","githubUrl":"https://github.com/CiscoDevNet/awesome-webex","forks":20,"stars":82,"org":"CiscoDevNet","orgUrl":"https://github.com/CiscoDevNet"},{"title":"finesse-sample-code","desc":"Sample Gadgets and code for use with Finesse","githubUrl":"https://github.com/CiscoDevNet/finesse-sample-code","forks":5,"stars":30,"org":"CiscoDevNet","orgUrl":"https://github.com/CiscoDevNet"},{"title":"v2p-learning-labs","desc":"Learning Labs for Virtualized Video Platform","githubUrl":"https://github.com/CiscoDevNet/v2p-learning-labs","forks":0,"stars":0,"org":"CiscoDevNet","orgUrl":"https://github.com/CiscoDevNet"},{"title":"learning-labs-howto","desc":"Guide on how to create a Cisco DevNet Learning Lab","githubUrl":"https://github.com/CiscoDevNet/learning-labs-howto","forks":3,"stars":0,"org":"CiscoDevNet","orgUrl":"https://github.com/CiscoDevNet"},{"title":"postman-ciscospark","desc":"Postman collections for Cisco Spark REST APIs (public and admin APIs)","githubUrl":"https://github.com/CiscoDevNet/postman-ciscospark","forks":5,"stars":31,"org":"CiscoDevNet","orgUrl":"https://github.com/CiscoDevNet"},{"title":"cisco-connect-romania-2016","desc":"Repo for Cisco Connect Romania 2016 DevNet Learning Labs","githubUrl":"https://github.com/CiscoDevNet/cisco-connect-romania-2016","forks":0,"stars":0,"org":"CiscoDevNet","orgUrl":"https://github.com/CiscoDevNet"},{"title":"devnet-express-cloud-collab","desc":"This repository will hold modules intended for DevNet Express Cloud Collaboration event","githubUrl":"https://github.com/CiscoDevNet/devnet-express-cloud-collab","forks":2,"stars":1,"org":"CiscoDevNet","orgUrl":"https://github.com/CiscoDevNet"},{"title":"devnet-express-cloud-collab-code-samples","desc":"Public repo that contains code samples for the DevNet Express Cloud Collaboration tracks","githubUrl":"https://github.com/CiscoDevNet/devnet-express-cloud-collab-code-samples","forks":16,"stars":11,"org":"CiscoDevNet","orgUrl":"https://github.com/CiscoDevNet"},{"title":"labs-cloud-collab","desc":"Learning labs for Cloud Collaboration","githubUrl":"https://github.com/CiscoDevNet/labs-cloud-collab","forks":2,"stars":1,"org":"CiscoDevNet","orgUrl":"https://github.com/CiscoDevNet"},{"title":"spark-integration-sample","desc":"an example of Cisco Spark Integration in NodeJS","githubUrl":"https://github.com/CiscoDevNet/spark-integration-sample","forks":49,"stars":9,"org":"CiscoDevNet","orgUrl":"https://github.com/CiscoDevNet"},{"title":"devnet-writing-guidelines","desc":"Instructions and guidelines for DevNet lab creation and beyond","githubUrl":"https://github.com/CiscoDevNet/devnet-writing-guidelines","forks":6,"stars":1,"org":"CiscoDevNet","orgUrl":"https://github.com/CiscoDevNet"},{"title":"ydk-cpp","desc":"C++ SDK generated from YANG data models.","githubUrl":"https://github.com/CiscoDevNet/ydk-cpp","forks":3,"stars":4,"org":"CiscoDevNet","orgUrl":"https://github.com/CiscoDevNet"},{"title":"ncc","desc":"ncclient scripts and helpers","githubUrl":"https://github.com/CiscoDevNet/ncc","forks":12,"stars":24,"org":"CiscoDevNet","orgUrl":"https://github.com/CiscoDevNet"},{"title":"fmc-rest-api","desc":"Learning labs for firepower management center REST APIs","githubUrl":"https://github.com/CiscoDevNet/fmc-rest-api","forks":4,"stars":5,"org":"CiscoDevNet","orgUrl":"https://github.com/CiscoDevNet"},{"title":"network-academy","desc":"Learning labs for students and beginners","githubUrl":"https://github.com/CiscoDevNet/network-academy","forks":0,"stars":0,"org":"CiscoDevNet","orgUrl":"https://github.com/CiscoDevNet"},{"title":"botkit-ciscospark-samples","desc":"Cisco Spark bot samples built with Botkit","githubUrl":"https://github.com/CiscoDevNet/botkit-ciscospark-samples","forks":21,"stars":20,"org":"CiscoDevNet","orgUrl":"https://github.com/CiscoDevNet"},{"title":"devnet-beginner","desc":"Learning lab content for beginner track.","githubUrl":"https://github.com/CiscoDevNet/devnet-beginner","forks":1,"stars":0,"org":"CiscoDevNet","orgUrl":"https://github.com/CiscoDevNet"},{"title":"cpo-learning-labs","desc":"Cisco Process Orchestrator Learning Labs","githubUrl":"https://github.com/CiscoDevNet/cpo-learning-labs","forks":0,"stars":0,"org":"CiscoDevNet","orgUrl":"https://github.com/CiscoDevNet"},{"title":"flask-netconf","desc":"Simple flask application with a Bootstrap front-end for playing with netconf.","githubUrl":"https://github.com/CiscoDevNet/flask-netconf","forks":1,"stars":1,"org":"CiscoDevNet","orgUrl":"https://github.com/CiscoDevNet"},{"title":"python_code_samples_network","desc":"A collection of Python Code Samples for Network Management.  Includes samples to run on-box and off-box.  ","githubUrl":"https://github.com/CiscoDevNet/python_code_samples_network","forks":41,"stars":63,"org":"CiscoDevNet","orgUrl":"https://github.com/CiscoDevNet"},{"title":"ucs-manager-python-learning-labs","desc":"Learning Labs for UCS Manager Python SDK","githubUrl":"https://github.com/CiscoDevNet/ucs-manager-python-learning-labs","forks":0,"stars":0,"org":"CiscoDevNet","orgUrl":"https://github.com/CiscoDevNet"},{"title":"ucs-director-rest-api-learning-labs","desc":"Learning Labs for UCS Director REST API","githubUrl":"https://github.com/CiscoDevNet/ucs-director-rest-api-learning-labs","forks":0,"stars":0,"org":"CiscoDevNet","orgUrl":"https://github.com/CiscoDevNet"},{"title":"context-service-sample-code","desc":"Sample code for use with Context Service","githubUrl":"https://github.com/CiscoDevNet/context-service-sample-code","forks":2,"stars":4,"org":"CiscoDevNet","orgUrl":"https://github.com/CiscoDevNet"},{"title":"intro-standard-device-interfaces-learning-labs","desc":"Learning Labs: Introduction to Standard Network Device Interfaces and Models - NETCONF, RESTCONF, YANG","githubUrl":"https://github.com/CiscoDevNet/intro-standard-device-interfaces-learning-labs","forks":0,"stars":0,"org":"CiscoDevNet","orgUrl":"https://github.com/CiscoDevNet"},{"title":"intro-standard-device-interfaces-code-samples","desc":"Code Samples to go along with the Learning Labs intro-standard-device-interfaces-learning-labs","githubUrl":"https://github.com/CiscoDevNet/intro-standard-device-interfaces-code-samples","forks":6,"stars":4,"org":"CiscoDevNet","orgUrl":"https://github.com/CiscoDevNet"},{"title":"DevNet_Challenges","desc":"Mini-Hack Content","githubUrl":"https://github.com/CiscoDevNet/DevNet_Challenges","forks":1,"stars":0,"org":"CiscoDevNet","orgUrl":"https://github.com/CiscoDevNet"},{"title":"DevNet_Challenges_Sample_Code","desc":"Sample Code for DevNet Create Mini Hacks","githubUrl":"https://github.com/CiscoDevNet/DevNet_Challenges_Sample_Code","forks":1,"stars":2,"org":"CiscoDevNet","orgUrl":"https://github.com/CiscoDevNet"},{"title":"ucs-imc-learning-labs","desc":"UCS IMC Learning Labs, PowerTool, Python, Redfish, Ansible","githubUrl":"https://github.com/CiscoDevNet/ucs-imc-learning-labs","forks":0,"stars":0,"org":"CiscoDevNet","orgUrl":"https://github.com/CiscoDevNet"},{"title":"devnet-express-dci-nxos","desc":"Repository will hold Learning Labs for NXOS module.","githubUrl":"https://github.com/CiscoDevNet/devnet-express-dci-nxos","forks":0,"stars":0,"org":"CiscoDevNet","orgUrl":"https://github.com/CiscoDevNet"},{"title":"dne-dcip-introduction-to-powershell-labs-v01","desc":"DevNet Express Data Center Infrastructure Programmability Introduction to PowerShell","githubUrl":"https://github.com/CiscoDevNet/dne-dcip-introduction-to-powershell-labs-v01","forks":0,"stars":0,"org":"CiscoDevNet","orgUrl":"https://github.com/CiscoDevNet"},{"title":"Infinite-Toolkit---Learning-Labs","desc":"In this repository, various basic examples, samples apps and explanations to start using the REF API in order to develop your own cloud client using digital TV services. Once you're connected to Cisco sandbox, the client application has access to Live channel list, vod catalogue, booking and recording features..","githubUrl":"https://github.com/CiscoDevNet/Infinite-Toolkit---Learning-Labs","forks":0,"stars":0,"org":"CiscoDevNet","orgUrl":"https://github.com/CiscoDevNet"},{"title":"nso-labs","desc":"Github secondary remote of wwwin/mporseru/NSO-labs","githubUrl":"https://github.com/CiscoDevNet/nso-labs","forks":1,"stars":2,"org":"CiscoDevNet","orgUrl":"https://github.com/CiscoDevNet"},{"title":"stealthwatch-data-exporter","desc":"Reference implementation of a Stealthwatch Data Exporter","githubUrl":"https://github.com/CiscoDevNet/stealthwatch-data-exporter","forks":0,"stars":4,"org":"CiscoDevNet","orgUrl":"https://github.com/CiscoDevNet"},{"title":"devnet-express-cloud-collab-softdevs","desc":"for Software Developers","githubUrl":"https://github.com/CiscoDevNet/devnet-express-cloud-collab-softdevs","forks":0,"stars":0,"org":"CiscoDevNet","orgUrl":"https://github.com/CiscoDevNet"},{"title":"dne-dcip-programming-cisco-compute-labs-v01","desc":"DevNet Express Data Center Infrastructure Programmability Programming Cisco Compute","githubUrl":"https://github.com/CiscoDevNet/dne-dcip-programming-cisco-compute-labs-v01","forks":0,"stars":0,"org":"CiscoDevNet","orgUrl":"https://github.com/CiscoDevNet"},{"title":"NX-SDK","desc":"NX-OS SDK","githubUrl":"https://github.com/CiscoDevNet/NX-SDK","forks":1,"stars":9,"org":"CiscoDevNet","orgUrl":"https://github.com/CiscoDevNet"},{"title":"devnet-express-dci-code-samples","desc":"Public repo that contains code samples for the DevNet Express Data Center Infrastructure track.","githubUrl":"https://github.com/CiscoDevNet/devnet-express-dci-code-samples","forks":9,"stars":3,"org":"CiscoDevNet","orgUrl":"https://github.com/CiscoDevNet"},{"title":"devnet-express-dci-intro-aci","desc":"Learning Labs for the DevNet Express DCI Intro to ACI Programmability Module","githubUrl":"https://github.com/CiscoDevNet/devnet-express-dci-intro-aci","forks":2,"stars":0,"org":"CiscoDevNet","orgUrl":"https://github.com/CiscoDevNet"},{"title":"devnet-express-dci-intermediate-aci","desc":"Learning Labs for the DevNet Express DCI Intermediate ACI Programmability Module","githubUrl":"https://github.com/CiscoDevNet/devnet-express-dci-intermediate-aci","forks":1,"stars":0,"org":"CiscoDevNet","orgUrl":"https://github.com/CiscoDevNet"},{"title":"uccx-sample-code","desc":"Sample code for use with Unified Contact Center Express","githubUrl":"https://github.com/CiscoDevNet/uccx-sample-code","forks":2,"stars":5,"org":"CiscoDevNet","orgUrl":"https://github.com/CiscoDevNet"},{"title":"fastlane-udp-client-app","desc":"Priority Traffic for Business Apps: Network bandwidth could be a precious resource in your IT environment, but iOS 10 will ensure that your business-centric applications will receive priority service compared to leisure apps. The Fast Lane feature lets the application developer \"tag\" the traffic in such a way that it's traffic will be prioritized over other network traffic.","githubUrl":"https://github.com/CiscoDevNet/fastlane-udp-client-app","forks":0,"stars":1,"org":"CiscoDevNet","orgUrl":"https://github.com/CiscoDevNet"},{"title":"intro-to-programming-devnet-express","desc":"Labs that introduce coding and programming skills necessary for learning network programmability and APIs","githubUrl":"https://github.com/CiscoDevNet/intro-to-programming-devnet-express","forks":1,"stars":0,"org":"CiscoDevNet","orgUrl":"https://github.com/CiscoDevNet"},{"title":"home-lab-network","desc":"Learning Labs for Building Your Home Networking Lab for Network Programmability","githubUrl":"https://github.com/CiscoDevNet/home-lab-network","forks":0,"stars":0,"org":"CiscoDevNet","orgUrl":"https://github.com/CiscoDevNet"},{"title":"cmx-api-server","desc":"CMX API Server","githubUrl":"https://github.com/CiscoDevNet/cmx-api-server","forks":1,"stars":0,"org":"CiscoDevNet","orgUrl":"https://github.com/CiscoDevNet"},{"title":"devnet-express-dci-prep","desc":"Prep Lab for DNE DCI Track","githubUrl":"https://github.com/CiscoDevNet/devnet-express-dci-prep","forks":0,"stars":0,"org":"CiscoDevNet","orgUrl":"https://github.com/CiscoDevNet"},{"title":"CiscoUIKit","desc":"The Cisco Brand-approved user interface kit. A modern, lightweight, responsive and programmable presentation layer that can be used to style HTML primitive elements and UI-framework independent.","githubUrl":"https://github.com/CiscoDevNet/CiscoUIKit","forks":4,"stars":12,"org":"CiscoDevNet","orgUrl":"https://github.com/CiscoDevNet"},{"title":"netprog_basics","desc":"Code, Examples, and Resources for the Network Programmability Basics Video Course","githubUrl":"https://github.com/CiscoDevNet/netprog_basics","forks":23,"stars":57,"org":"CiscoDevNet","orgUrl":"https://github.com/CiscoDevNet"},{"title":"dne-dcip-intermediate-programming-cisco-compute-labs-v01","desc":"DevNet Express Data Center Infrastructure Programmability Intermediate Programming Cisco Compute","githubUrl":"https://github.com/CiscoDevNet/dne-dcip-intermediate-programming-cisco-compute-labs-v01","forks":0,"stars":0,"org":"CiscoDevNet","orgUrl":"https://github.com/CiscoDevNet"},{"title":"intro-to-programming","desc":"For stand-alone labs on programming fundamentals in Python and XML.","githubUrl":"https://github.com/CiscoDevNet/intro-to-programming","forks":4,"stars":0,"org":"CiscoDevNet","orgUrl":"https://github.com/CiscoDevNet"},{"title":"sandbox-dci-ansible","desc":"Learning labs about Ansible and data center infrastructure","githubUrl":"https://github.com/CiscoDevNet/sandbox-dci-ansible","forks":0,"stars":0,"org":"CiscoDevNet","orgUrl":"https://github.com/CiscoDevNet"},{"title":"bot-hosting-sample","desc":"Code sample companion to the Bot Hosting Learning Lab","githubUrl":"https://github.com/CiscoDevNet/bot-hosting-sample","forks":1,"stars":0,"org":"CiscoDevNet","orgUrl":"https://github.com/CiscoDevNet"},{"title":"botkit-template","desc":"Botkit templates to create flexible conversational bots for Cisco Spark","githubUrl":"https://github.com/CiscoDevNet/botkit-template","forks":151,"stars":9,"org":"CiscoDevNet","orgUrl":"https://github.com/CiscoDevNet"},{"title":"cicd_learninglab_demo","desc":"Demo \"Source Code\" for CICD Lab","githubUrl":"https://github.com/CiscoDevNet/cicd_learninglab_demo","forks":0,"stars":0,"org":"CiscoDevNet","orgUrl":"https://github.com/CiscoDevNet"},{"title":"nxos-poap-learning-labs","desc":"Power On Auto Provisioning (POAP)","githubUrl":"https://github.com/CiscoDevNet/nxos-poap-learning-labs","forks":0,"stars":2,"org":"CiscoDevNet","orgUrl":"https://github.com/CiscoDevNet"},{"title":"cisco-jabber-bot-sdk","desc":"Cisco Jabber Bot SDK and sample code","githubUrl":"https://github.com/CiscoDevNet/cisco-jabber-bot-sdk","forks":5,"stars":8,"org":"CiscoDevNet","orgUrl":"https://github.com/CiscoDevNet"},{"title":"aci_ansible_learning_labs_code_samples","desc":"Code Samples for the ACI Ansible Learning Labs","githubUrl":"https://github.com/CiscoDevNet/aci_ansible_learning_labs_code_samples","forks":0,"stars":0,"org":"CiscoDevNet","orgUrl":"https://github.com/CiscoDevNet"},{"title":"roomdevices-macros-samples","desc":"Macros samples for CE Video Endpoints (introduced with CE 9.2)","githubUrl":"https://github.com/CiscoDevNet/roomdevices-macros-samples","forks":7,"stars":13,"org":"CiscoDevNet","orgUrl":"https://github.com/CiscoDevNet"},{"title":"rest-api-learning-labs","desc":"Generic, reusable Learning Labs about REST APIs","githubUrl":"https://github.com/CiscoDevNet/rest-api-learning-labs","forks":4,"stars":0,"org":"CiscoDevNet","orgUrl":"https://github.com/CiscoDevNet"},{"title":"labs-xapi","desc":"Learning Labs for xAPI","githubUrl":"https://github.com/CiscoDevNet/labs-xapi","forks":2,"stars":3,"org":"CiscoDevNet","orgUrl":"https://github.com/CiscoDevNet"},{"title":"devnet-introduction-to-powershell","desc":"Introduction to PowerShell","githubUrl":"https://github.com/CiscoDevNet/devnet-introduction-to-powershell","forks":0,"stars":0,"org":"CiscoDevNet","orgUrl":"https://github.com/CiscoDevNet"},{"title":"libinfracheck","desc":"This project demonstrates using network infrastructure as part of a healthcheck for an application.  The implementation here is a a Java library that can check the health of infrastructure using APIC-EM Path Trace.","githubUrl":"https://github.com/CiscoDevNet/libinfracheck","forks":0,"stars":0,"org":"CiscoDevNet","orgUrl":"https://github.com/CiscoDevNet"},{"title":"infraspringboot","desc":"An example project that uses the `libinfracheck` example library that demonstrates using network infrastructure as part of a healthcheck for an application.","githubUrl":"https://github.com/CiscoDevNet/infraspringboot","forks":0,"stars":1,"org":"CiscoDevNet","orgUrl":"https://github.com/CiscoDevNet"},{"title":"dnac-learning-labs","desc":"Learning Labs for Digital Network Architecture Controller (DNAC)","githubUrl":"https://github.com/CiscoDevNet/dnac-learning-labs","forks":2,"stars":0,"org":"CiscoDevNet","orgUrl":"https://github.com/CiscoDevNet"},{"title":"dnac-apis-with-python-sample-codes","desc":"Python code to go with DNAC learning labs","githubUrl":"https://github.com/CiscoDevNet/dnac-apis-with-python-sample-codes","forks":1,"stars":1,"org":"CiscoDevNet","orgUrl":"https://github.com/CiscoDevNet"},{"title":"widget-samples","desc":"Examples for Cisco Spark Widgets","githubUrl":"https://github.com/CiscoDevNet/widget-samples","forks":0,"stars":1,"org":"CiscoDevNet","orgUrl":"https://github.com/CiscoDevNet"},{"title":"ydk-go","desc":"Go SDK generated from YANG data models.","githubUrl":"https://github.com/CiscoDevNet/ydk-go","forks":2,"stars":10,"org":"CiscoDevNet","orgUrl":"https://github.com/CiscoDevNet"},{"title":"outreach-ctf","desc":"Web application for Capture the Flag outreach events for Cisco Youth Cybersecurity Leader Education","githubUrl":"https://github.com/CiscoDevNet/outreach-ctf","forks":0,"stars":0,"org":"CiscoDevNet","orgUrl":"https://github.com/CiscoDevNet"},{"title":"learning_lab_vagrant_netprog_code","desc":"Code samples for the Learning Labs on Vagrant for Network Programmability","githubUrl":"https://github.com/CiscoDevNet/learning_lab_vagrant_netprog_code","forks":0,"stars":1,"org":"CiscoDevNet","orgUrl":"https://github.com/CiscoDevNet"},{"title":"learning_lab_vagrant_netprog","desc":"Vagrant Up for Network Engineers Learning Labs","githubUrl":"https://github.com/CiscoDevNet/learning_lab_vagrant_netprog","forks":4,"stars":0,"org":"CiscoDevNet","orgUrl":"https://github.com/CiscoDevNet"},{"title":"maven-plugins","desc":"Cisco Maven Plugins","githubUrl":"https://github.com/CiscoDevNet/maven-plugins","forks":0,"stars":0,"org":"CiscoDevNet","orgUrl":"https://github.com/CiscoDevNet"},{"title":"cvd-config-templates","desc":"Contains Cisco Validated Design (CVD) Configuration Management Templates","githubUrl":"https://github.com/CiscoDevNet/cvd-config-templates","forks":8,"stars":22,"org":"CiscoDevNet","orgUrl":"https://github.com/CiscoDevNet"},{"title":"Create2018","desc":"DevNet Create 2018 Workshop Requirements","githubUrl":"https://github.com/CiscoDevNet/Create2018","forks":24,"stars":8,"org":"CiscoDevNet","orgUrl":"https://github.com/CiscoDevNet"},{"title":"iot-ready-learning-labs","desc":"Learning Labs for IoT Ready","githubUrl":"https://github.com/CiscoDevNet/iot-ready-learning-labs","forks":0,"stars":0,"org":"CiscoDevNet","orgUrl":"https://github.com/CiscoDevNet"},{"title":"awesome-ciscoapis","desc":"Collection point for all the awesome Cisco APIs.","githubUrl":"https://github.com/CiscoDevNet/awesome-ciscoapis","forks":1,"stars":0,"org":"CiscoDevNet","orgUrl":"https://github.com/CiscoDevNet"},{"title":"awesome-merakiapis","desc":"Collection point for all the awesome Meraki APIs.","githubUrl":"https://github.com/CiscoDevNet/awesome-merakiapis","forks":1,"stars":0,"org":"CiscoDevNet","orgUrl":"https://github.com/CiscoDevNet"},{"title":"ll_net_cicd","desc":"Learning Labs for NetDevOps CICD","githubUrl":"https://github.com/CiscoDevNet/ll_net_cicd","forks":0,"stars":0,"org":"CiscoDevNet","orgUrl":"https://github.com/CiscoDevNet"},{"title":"ll_net_cicd_code_samples","desc":"Code Samples for the NetDevOps CICD Learning Labs","githubUrl":"https://github.com/CiscoDevNet/ll_net_cicd_code_samples","forks":0,"stars":0,"org":"CiscoDevNet","orgUrl":"https://github.com/CiscoDevNet"},{"title":"spark-sso-samples","desc":"Server-side (Node.JS) and client-side sample apps demonstrating OAuth2 with Cisco Spark REST APIs","githubUrl":"https://github.com/CiscoDevNet/spark-sso-samples","forks":0,"stars":1,"org":"CiscoDevNet","orgUrl":"https://github.com/CiscoDevNet"},{"title":"intro-rest-labs","desc":"Learning Labs about REST APIs and trying tools that work well with REST APIs.","githubUrl":"https://github.com/CiscoDevNet/intro-rest-labs","forks":0,"stars":0,"org":"CiscoDevNet","orgUrl":"https://github.com/CiscoDevNet"},{"title":"hello_network","desc":"Basic Hello Network Repo for Testing","githubUrl":"https://github.com/CiscoDevNet/hello_network","forks":0,"stars":0,"org":"CiscoDevNet","orgUrl":"https://github.com/CiscoDevNet"},{"title":"fdm-rest-api","desc":"FDM rest api learning labs","githubUrl":"https://github.com/CiscoDevNet/fdm-rest-api","forks":0,"stars":0,"org":"CiscoDevNet","orgUrl":"https://github.com/CiscoDevNet"},{"title":"es-logger","desc":"Process Jenkins build data and push to ES via logstash","githubUrl":"https://github.com/CiscoDevNet/es-logger","forks":1,"stars":2,"org":"CiscoDevNet","orgUrl":"https://github.com/CiscoDevNet"},{"title":"tetration-util","desc":"Utility code for Tetration ","githubUrl":"https://github.com/CiscoKorea/tetration-util","forks":0,"stars":0,"org":"CiscoKorea","orgUrl":"https://github.com/CiscoKorea"},{"title":"ucsmsdk","desc":"Python SDK for Cisco UCSM","githubUrl":"https://github.com/CiscoUcs/ucsmsdk","forks":36,"stars":42,"org":"CiscoUcs","orgUrl":"https://github.com/CiscoUcs"},{"title":"imcsdk","desc":"Python SDK for Cisco IMC","githubUrl":"https://github.com/CiscoUcs/imcsdk","forks":28,"stars":21,"org":"CiscoUcs","orgUrl":"https://github.com/CiscoUcs"},{"title":"ucscsdk","desc":"Python SDK for Ucs Central","githubUrl":"https://github.com/CiscoUcs/ucscsdk","forks":6,"stars":8,"org":"CiscoUcs","orgUrl":"https://github.com/CiscoUcs"},{"title":"ucsm-ansible","desc":"Ansible Modules for Cisco Ucs Managed Blade and Rack servers.","githubUrl":"https://github.com/CiscoUcs/ucsm-ansible","forks":16,"stars":18,"org":"CiscoUcs","orgUrl":"https://github.com/CiscoUcs"},{"title":"KUBaM","desc":"Ultra Light Weight Bare Metal OS installer for UCS","githubUrl":"https://github.com/CiscoUcs/KUBaM","forks":5,"stars":7,"org":"CiscoUcs","orgUrl":"https://github.com/CiscoUcs"},{"title":"KUBAM-Frontend","desc":"Front end GUI to KUBAM Project","githubUrl":"https://github.com/CiscoUcs/KUBAM-Frontend","forks":2,"stars":0,"org":"CiscoUcs","orgUrl":"https://github.com/CiscoUcs"},{"title":"intersight-python","desc":"Intersight SDK for Python","githubUrl":"https://github.com/CiscoUcs/intersight-python","forks":5,"stars":2,"org":"CiscoUcs","orgUrl":"https://github.com/CiscoUcs"},{"title":"ansible-role-ucs-san","desc":"Ansible role for UCS SAN configuration","githubUrl":"https://github.com/CiscoUcs/ansible-role-ucs-san","forks":0,"stars":1,"org":"CiscoUcs","orgUrl":"https://github.com/CiscoUcs"},{"title":"ansible-role-ucs-lan","desc":"Ansible role for UCS LAN configuration","githubUrl":"https://github.com/CiscoUcs/ansible-role-ucs-lan","forks":1,"stars":3,"org":"CiscoUcs","orgUrl":"https://github.com/CiscoUcs"},{"title":"ansible-role-ucs-servers","desc":"Ansible role for UCS Servers configuration","githubUrl":"https://github.com/CiscoUcs/ansible-role-ucs-servers","forks":1,"stars":2,"org":"CiscoUcs","orgUrl":"https://github.com/CiscoUcs"},{"title":"intersight-ansible","desc":"Ansible Modules for Cisco Intersight.","githubUrl":"https://github.com/CiscoUcs/intersight-ansible","forks":1,"stars":0,"org":"CiscoUcs","orgUrl":"https://github.com/CiscoUcs"},{"title":"ansible-role-ucs-storage","desc":"Ansible role for UCS Storage configuration","githubUrl":"https://github.com/CiscoUcs/ansible-role-ucs-storage","forks":0,"stars":0,"org":"CiscoUcs","orgUrl":"https://github.com/CiscoUcs"},{"title":"ansible-role-ucs","desc":"Ansible role for UCS configuration (LAN/SAN/Storage/Servers/etc.)","githubUrl":"https://github.com/CiscoUcs/ansible-role-ucs","forks":0,"stars":0,"org":"CiscoUcs","orgUrl":"https://github.com/CiscoUcs"},{"title":"trex-core","desc":"trex-core site","githubUrl":"https://github.com/cisco-system-traffic-generator/trex-core","forks":111,"stars":273,"org":"cisco-system-traffic-generator","orgUrl":"https://github.com/cisco-system-traffic-generator"},{"title":"trex-stateless-gui","desc":"TRex stateless GUI ","githubUrl":"https://github.com/cisco-system-traffic-generator/trex-stateless-gui","forks":10,"stars":30,"org":"cisco-system-traffic-generator","orgUrl":"https://github.com/cisco-system-traffic-generator"},{"title":"trex-packet-editor","desc":"Packet editor using TRex scapy server","githubUrl":"https://github.com/cisco-system-traffic-generator/trex-packet-editor","forks":4,"stars":13,"org":"cisco-system-traffic-generator","orgUrl":"https://github.com/cisco-system-traffic-generator"},{"title":"trex-java-sdk","desc":"Java client SDK API","githubUrl":"https://github.com/cisco-system-traffic-generator/trex-java-sdk","forks":3,"stars":3,"org":"cisco-system-traffic-generator","orgUrl":"https://github.com/cisco-system-traffic-generator"},{"title":"trex-web-playground","desc":"TRex Web Playground","githubUrl":"https://github.com/cisco-system-traffic-generator/trex-web-playground","forks":0,"stars":2,"org":"cisco-system-traffic-generator","orgUrl":"https://github.com/cisco-system-traffic-generator"},{"title":"xrdocs.github.io","desc":"Homepage for xrdocs","githubUrl":"https://github.com/xrdocs/xrdocs.github.io","forks":4,"stars":5,"org":"xrdocs","orgUrl":"https://github.com/xrdocs"},{"title":"application-hosting","desc":"Blog posts, Tutorials and Techdocs on  Cisco IOS-XR's application hosting infrastructure.","githubUrl":"https://github.com/xrdocs/application-hosting","forks":13,"stars":0,"org":"xrdocs","orgUrl":"https://github.com/xrdocs"},{"title":"xrdocs-images","desc":"Repository to host images for xrdocs","githubUrl":"https://github.com/xrdocs/xrdocs-images","forks":1,"stars":0,"org":"xrdocs","orgUrl":"https://github.com/xrdocs"},{"title":"telemetry","desc":"Repository to host Blogs, Tutorials, Techdocs for Cisco IOS-XR's Streaming Telemetry infrastructure","githubUrl":"https://github.com/xrdocs/telemetry","forks":8,"stars":1,"org":"xrdocs","orgUrl":"https://github.com/xrdocs"},{"title":"cloud-scale-networking","desc":"Blogs, tutorials and Technical Documentation on Cloud Scale networking architectures and Features","githubUrl":"https://github.com/xrdocs/cloud-scale-networking","forks":3,"stars":1,"org":"xrdocs","orgUrl":"https://github.com/xrdocs"},{"title":"software-management","desc":"Blog posts, Tutorials and Techdocs on Cisco IOS-XR's software-management and ZTP infrastructure","githubUrl":"https://github.com/xrdocs/software-management","forks":0,"stars":0,"org":"xrdocs","orgUrl":"https://github.com/xrdocs"},{"title":"programmability","desc":"Repository to host Blogs, Tutorials, Techdocs for Cisco IOS-XR's Model (YANG) Driven Programmability infra","githubUrl":"https://github.com/xrdocs/programmability","forks":8,"stars":1,"org":"xrdocs","orgUrl":"https://github.com/xrdocs"},{"title":"segment-routing","desc":"Segment Routing Documentation","githubUrl":"https://github.com/xrdocs/segment-routing","forks":5,"stars":0,"org":"xrdocs","orgUrl":"https://github.com/xrdocs"},{"title":"design","desc":"Blogs and Tutorials on  Network Compass Designs and Architectures","githubUrl":"https://github.com/xrdocs/design","forks":1,"stars":0,"org":"xrdocs","orgUrl":"https://github.com/xrdocs"},{"title":"_data","desc":"Repository to hold author information for all xrdocs contributors","githubUrl":"https://github.com/xrdocs/_data","forks":1,"stars":0,"org":"xrdocs","orgUrl":"https://github.com/xrdocs"},{"title":"avatars","desc":"repository to host the author avatars in a single location","githubUrl":"https://github.com/xrdocs/avatars","forks":0,"stars":0,"org":"xrdocs","orgUrl":"https://github.com/xrdocs"},{"title":"automation","desc":"Blog posts, Tutorials and Techdocs on Network Automation capabilties in the SP domain associated with IOS-XR.","githubUrl":"https://github.com/xrdocs/automation","forks":2,"stars":0,"org":"xrdocs","orgUrl":"https://github.com/xrdocs"},{"title":"cisco-service-layer","desc":"Cisco IOS-XR Service Layer","githubUrl":"https://github.com/xrdocs/cisco-service-layer","forks":0,"stars":1,"org":"xrdocs","orgUrl":"https://github.com/xrdocs"},{"title":"iosxrv-x64-vbox","desc":"IOS XR VirtualBox Vagrant Image Generation tools","githubUrl":"https://github.com/ios-xr/iosxrv-x64-vbox","forks":16,"stars":43,"org":"ios-xr","orgUrl":"https://github.com/ios-xr"},{"title":"iosxr-ztp-python","desc":"IOS-XR ZTP python library and Sample ZTP scripts","githubUrl":"https://github.com/ios-xr/iosxr-ztp-python","forks":0,"stars":1,"org":"ios-xr","orgUrl":"https://github.com/ios-xr"},{"title":"cdo_public","desc":"Public Repository with samples and other goodies from the Cisco Defense Orchestrator team","githubUrl":"https://github.com/cisco-lockhart/cdo_public","forks":0,"stars":0,"org":"cisco-lockhart","orgUrl":"https://github.com/cisco-lockhart"},
  {
    "title": "csap-core",
    "desc": "Core CSAP services",
    "githubUrl": "https://github.com/csap-platform/csap-core",
    "forks": 4,
    "stars": 0,
    "org": "csap-platform",
    "orgUrl": "https://github.com/csap-platform"
  },
  {
    "title": "csap-starter",
    "desc": "Spring boot starter and reference projects.",
    "githubUrl": "https://github.com/csap-platform/csap-starter",
    "forks": 3,
    "stars": 0,
    "org": "csap-platform",
    "orgUrl": "https://github.com/csap-platform"
  },
  {
    "title": "csap-java",
    "desc": "Java code samples",
    "githubUrl": "https://github.com/csap-platform/csap-java",
    "forks": 2,
    "stars": 0,
    "org": "csap-platform",
    "orgUrl": "https://github.com/csap-platform"
  },
  {
    "title": "csap-packages",
    "desc": "CSAP open source packages provide 1 click deploy, configure, monitor, and manage of any technology.",
    "githubUrl": "https://github.com/csap-platform/csap-packages",
    "forks": 2,
    "stars": 0,
    "org": "csap-platform",
    "orgUrl": "https://github.com/csap-platform"
  },
  {
    "title": "csap-event-service",
    "desc": "CSAP event services provide both management activity (who did what, when) and performance activity (cpu used, load, message latency, ...)",
    "githubUrl": "https://github.com/csap-platform/csap-event-service",
    "forks": 2,
    "stars": 0,
    "org": "csap-platform",
    "orgUrl": "https://github.com/csap-platform"
  }
]