{
  "builders": [
    {
      "boot_command": [
        "<tab> text ks=http://{{ .HTTPIP }}:{{ .HTTPPort }}/wrl/ks.cfg<enter><wait>"
      ],
      "boot_wait": "10s",
      "disk_size": 40960,
      "guest_additions_path": "VBoxGuestAdditions_{{.Version}}.iso",
      "guest_os_type": "RedHat_64",
      "http_directory": "http",
      "iso_checksum": "c9242ec1fb732ac62896dc547de8e834b20d27ff",
      "iso_checksum_type": "sha1",
      "iso_url": "/Users/rkailas/Downloads/satori-vm-chef-intel-xeon-core.0501.iso",
      "output_directory": "packer-wrl-x86_64-virtualbox",
      "shutdown_command": "echo 'vagrant'|sudo -S /sbin/halt -h -p",
      "ssh_password": "root",
      "ssh_port": 22,
      "ssh_username": "root",
      "ssh_wait_timeout": "10000s",
      "type": "virtualbox-iso",
      "vboxmanage": [
        [
          "modifyvm",
          "{{.Name}}",
          "--memory",
          "480"
        ],
        [
          "modifyvm",
          "{{.Name}}",
          "--cpus",
          "1"
        ]
      ],
      "virtualbox_version_file": ".vbox_version",
      "vm_name": "packer-wrl-x86_64"
    }

  ],
  "post-processors": [
    {
      "output": "/Users/rkailas/packer/packer-wrl.box",
      "type": "vagrant"
    }
  ]
}